-- phpMyAdmin SQL Dump
-- version 3.5.1
-- http://www.phpmyadmin.net
--
-- Servidor: localhost
-- Tiempo de generación: 09-04-2019 a las 08:33:17
-- Versión del servidor: 5.5.24-log
-- Versión de PHP: 5.4.3

SET SQL_MODE="NO_AUTO_VALUE_ON_ZERO";
SET time_zone = "+00:00";


/*!40101 SET @OLD_CHARACTER_SET_CLIENT=@@CHARACTER_SET_CLIENT */;
/*!40101 SET @OLD_CHARACTER_SET_RESULTS=@@CHARACTER_SET_RESULTS */;
/*!40101 SET @OLD_COLLATION_CONNECTION=@@COLLATION_CONNECTION */;
/*!40101 SET NAMES utf8 */;

--
-- Base de datos: `shinystats`
--

-- --------------------------------------------------------

--
-- Estructura de tabla para la tabla `pokemon`
--

CREATE TABLE IF NOT EXISTS `pokemon` (
  `nombre` varchar(40) COLLATE utf8_spanish_ci NOT NULL,
  `nPokedex` int(11) NOT NULL DEFAULT '0',
  PRIMARY KEY (`nPokedex`)
) ENGINE=InnoDB DEFAULT CHARSET=utf8 COLLATE=utf8_spanish_ci;

--
-- Volcado de datos para la tabla `pokemon`
--

INSERT INTO `pokemon` (`nombre`, `nPokedex`) VALUES
('Bulbasaur', 1),
('Charmander', 4),
('Squirtle', 7),
('Caterpie', 10),
('Rattata', 19),
('Pikachu', 25),
('Raichu (Alola)', 26),
('Sandshrew', 27),
('Nidoran hembra', 29),
('Oddish', 43),
('Psyduck', 54),
('Mankey', 56),
('Growlithe', 58),
('Machop', 66),
('Geodude', 74),
('Ponyta', 77),
('Magnemite', 81),
('Grimer', 88),
('Shellder', 90),
('Gastly', 92),
('Drowzee', 96),
('Krabby', 98),
('Cubone', 104),
('Marowak (Alola)', 105),
('Scyther', 123),
('Pinsir', 127),
('Magikarp', 129),
('Eevee', 133),
('Omanyte', 138),
('Kabuto', 140),
('Aerodactyl', 142),
('Zapdos', 144),
('Moltres', 145),
('Articuno', 146),
('Dratini', 147),
('Chikorita', 152),
('Cyndaquil', 155),
('Totodile', 158),
('Pichu', 172),
('Cleffa', 173),
('Togepi', 174),
('Natu', 177),
('Mareep', 179),
('Sunkern', 191),
('Murkrow', 198),
('Misdreavus', 200),
('Pineco', 204),
('Snubull', 209),
('Swinub', 220),
('Delibird', 225),
('Houndour', 228),
('Elekid', 239),
('Magby', 240),
('Larvitar', 246),
('Lugia', 249),
('Ho-oh', 250),
('Treecko', 252),
('Poochyena', 261),
('Zigzagoon', 263),
('Lotad', 270),
('Taillow', 276),
('Wingull', 278),
('Makuhita', 296),
('Azurril', 298),
('Sableye', 302),
('Aron', 304),
('Meditite', 307),
('Plusle', 311),
('Minum', 312),
('Roselia', 315),
('Wailmer', 320),
('Spoink', 325),
('Swablu', 333),
('Lunatone', 337),
('Solrock', 338),
('Feebas', 349),
('Castform', 351),
('Shuppet', 353),
('Duskull', 355),
('Absol', 359),
('Wynaut', 360),
('Snorunt', 361),
('Clamperl', 366),
('Luvdisc', 370),
('Beldum', 375),
('Latias', 380),
('Kyogre', 382),
('Groudon', 383),
('Shinx', 403),
('Budew', 406),
('Drifloon', 425),
('Meltan', 808),
('Squirtle (con gafas)', 1001),
('Pichu (gorro clebracion)', 1002),
('Pikachu (gorro celebracion)', 1003),
('Pikachu (sombrero Halloween)', 1004),
('Pichu (sombrero Halloween)', 1005),
('Pikachu (gorra)', 1006),
('Pichu (gorro Navidad)', 1007),
('Pikachu (gorro Navidad)', 1008),
('Pikachu (flores)', 1009),
('Eevee (flores)', 1010),
('Pikachu (gorra Ash)', 1011);

-- --------------------------------------------------------

--
-- Estructura de tabla para la tabla `shiny`
--

CREATE TABLE IF NOT EXISTS `shiny` (
  `id` int(11) NOT NULL AUTO_INCREMENT,
  `ocurrencia` int(11) NOT NULL,
  `nPokedex` int(11) NOT NULL,
  `codeUsuario` int(11) NOT NULL,
  PRIMARY KEY (`id`),
  KEY `nPokedex` (`nPokedex`),
  KEY `codeUsuario` (`codeUsuario`)
) ENGINE=InnoDB  DEFAULT CHARSET=utf8 COLLATE=utf8_spanish_ci AUTO_INCREMENT=2215 ;

--
-- Volcado de datos para la tabla `shiny`
--

INSERT INTO `shiny` (`id`, `ocurrencia`, `nPokedex`, `codeUsuario`) VALUES
(1003, 1, 1, 8),
(1004, 1, 4, 8),
(1005, 5, 7, 8),
(1006, 0, 1001, 8),
(1007, 1, 10, 8),
(1008, 0, 19, 8),
(1009, 0, 172, 8),
(1010, 1, 25, 8),
(1011, 0, 26, 8),
(1012, 0, 1002, 8),
(1013, 0, 1003, 8),
(1014, 0, 1006, 8),
(1015, 0, 1004, 8),
(1016, 0, 1005, 8),
(1017, 1, 1007, 8),
(1018, 0, 1008, 8),
(1019, 0, 1009, 8),
(1020, 0, 27, 8),
(1021, 0, 29, 8),
(1022, 0, 173, 8),
(1023, 0, 43, 8),
(1024, 0, 54, 8),
(1025, 0, 56, 8),
(1026, 0, 58, 8),
(1027, 0, 66, 8),
(1028, 0, 74, 8),
(1029, 0, 77, 8),
(1030, 0, 81, 8),
(1031, 0, 88, 8),
(1032, 1, 90, 8),
(1033, 0, 92, 8),
(1034, 1, 96, 8),
(1035, 0, 98, 8),
(1036, 0, 104, 8),
(1037, 0, 105, 8),
(1038, 0, 239, 8),
(1039, 0, 240, 8),
(1040, 2, 127, 8),
(1041, 0, 129, 8),
(1042, 3, 133, 8),
(1043, 0, 1010, 8),
(1044, 1, 138, 8),
(1045, 1, 140, 8),
(1046, 0, 142, 8),
(1047, 0, 146, 8),
(1048, 0, 144, 8),
(1049, 0, 145, 8),
(1050, 4, 147, 8),
(1051, 7, 152, 8),
(1052, 0, 155, 8),
(1053, 4, 158, 8),
(1054, 0, 174, 8),
(1055, 1, 177, 8),
(1056, 1, 179, 8),
(1057, 0, 298, 8),
(1058, 0, 191, 8),
(1059, 1, 198, 8),
(1060, 0, 200, 8),
(1061, 0, 360, 8),
(1062, 0, 204, 8),
(1063, 0, 209, 8),
(1064, 4, 220, 8),
(1065, 0, 225, 8),
(1066, 0, 228, 8),
(1067, 3, 246, 8),
(1068, 0, 249, 8),
(1069, 0, 250, 8),
(1070, 1, 261, 8),
(1071, 1, 263, 8),
(1072, 0, 276, 8),
(1073, 1, 278, 8),
(1074, 1, 296, 8),
(1075, 0, 302, 8),
(1076, 2, 304, 8),
(1077, 0, 307, 8),
(1078, 1, 311, 8),
(1079, 1, 312, 8),
(1080, 0, 406, 8),
(1081, 1, 315, 8),
(1082, 1, 320, 8),
(1083, 0, 325, 8),
(1084, 0, 333, 8),
(1085, 0, 349, 8),
(1086, 0, 353, 8),
(1087, 0, 355, 8),
(1088, 0, 359, 8),
(1089, 0, 361, 8),
(1090, 4, 366, 8),
(1091, 0, 370, 8),
(1092, 5, 375, 8),
(1093, 0, 380, 8),
(1094, 0, 382, 8),
(1095, 0, 383, 8),
(1096, 0, 403, 8),
(1097, 1, 425, 8),
(1098, 0, 808, 8),
(1099, 0, 337, 8),
(1100, 0, 338, 8),
(1101, 5, 252, 8),
(1102, 0, 1, 8),
(1103, 0, 4, 8),
(1104, 0, 7, 8),
(1105, 0, 10, 8),
(1106, 0, 19, 8),
(1107, 0, 25, 8),
(1108, 0, 26, 8),
(1109, 0, 27, 8),
(1110, 0, 29, 8),
(1111, 0, 43, 8),
(1112, 0, 54, 8),
(1113, 0, 56, 8),
(1114, 0, 58, 8),
(1115, 0, 66, 8),
(1116, 0, 74, 8),
(1117, 0, 77, 8),
(1118, 0, 81, 8),
(1119, 0, 88, 8),
(1120, 0, 90, 8),
(1121, 0, 92, 8),
(1122, 0, 96, 8),
(1123, 0, 98, 8),
(1124, 0, 104, 8),
(1125, 0, 105, 8),
(1126, 0, 123, 8),
(1127, 0, 127, 8),
(1128, 0, 129, 8),
(1129, 0, 133, 8),
(1130, 0, 138, 8),
(1131, 0, 140, 8),
(1132, 0, 142, 8),
(1133, 0, 144, 8),
(1134, 0, 145, 8),
(1135, 0, 146, 8),
(1136, 0, 147, 8),
(1137, 0, 152, 8),
(1138, 0, 155, 8),
(1139, 0, 158, 8),
(1140, 0, 172, 8),
(1141, 0, 173, 8),
(1142, 0, 174, 8),
(1143, 0, 177, 8),
(1144, 0, 179, 8),
(1145, 0, 191, 8),
(1146, 0, 198, 8),
(1147, 0, 200, 8),
(1148, 0, 204, 8),
(1149, 0, 209, 8),
(1150, 0, 220, 8),
(1151, 0, 225, 8),
(1152, 0, 228, 8),
(1153, 0, 239, 8),
(1154, 0, 240, 8),
(1155, 0, 246, 8),
(1156, 0, 249, 8),
(1157, 0, 250, 8),
(1158, 0, 252, 8),
(1159, 0, 261, 8),
(1160, 0, 263, 8),
(1161, 0, 270, 8),
(1162, 0, 276, 8),
(1163, 0, 278, 8),
(1164, 0, 296, 8),
(1165, 0, 298, 8),
(1166, 0, 302, 8),
(1167, 0, 304, 8),
(1168, 0, 307, 8),
(1169, 0, 311, 8),
(1170, 0, 312, 8),
(1171, 0, 315, 8),
(1172, 0, 320, 8),
(1173, 0, 325, 8),
(1174, 0, 333, 8),
(1175, 0, 337, 8),
(1176, 0, 338, 8),
(1177, 0, 349, 8),
(1178, 0, 351, 8),
(1179, 0, 353, 8),
(1180, 0, 355, 8),
(1181, 0, 359, 8),
(1182, 0, 360, 8),
(1183, 0, 361, 8),
(1184, 0, 366, 8),
(1185, 0, 370, 8),
(1186, 0, 375, 8),
(1187, 0, 380, 8),
(1188, 0, 382, 8),
(1189, 0, 383, 8),
(1190, 0, 403, 8),
(1191, 0, 406, 8),
(1192, 0, 425, 8),
(1193, 0, 808, 8),
(1194, 0, 1001, 8),
(1195, 0, 1002, 8),
(1196, 0, 1003, 8),
(1197, 0, 1004, 8),
(1198, 0, 1005, 8),
(1199, 0, 1006, 8),
(1200, 0, 1007, 8),
(1201, 0, 1008, 8),
(1202, 0, 1009, 8),
(1203, 0, 1010, 8),
(1204, 0, 1011, 8),
(1205, 1, 1, 9),
(1206, 3, 4, 9),
(1207, 3, 7, 9),
(1208, 0, 1001, 9),
(1209, 0, 10, 9),
(1210, 0, 19, 9),
(1211, 0, 172, 9),
(1212, 2, 25, 9),
(1213, 0, 26, 9),
(1214, 0, 1002, 9),
(1215, 0, 1003, 9),
(1216, 0, 1006, 9),
(1217, 0, 1004, 9),
(1218, 0, 1005, 9),
(1219, 0, 1007, 9),
(1220, 0, 1008, 9),
(1221, 0, 1009, 9),
(1222, 0, 27, 9),
(1223, 0, 29, 9),
(1224, 0, 173, 9),
(1225, 0, 43, 9),
(1226, 0, 54, 9),
(1227, 0, 56, 9),
(1228, 0, 58, 9),
(1229, 1, 66, 9),
(1230, 0, 74, 9),
(1231, 0, 77, 9),
(1232, 0, 81, 9),
(1233, 0, 88, 9),
(1234, 0, 90, 9),
(1235, 0, 92, 9),
(1236, 1, 96, 9),
(1237, 0, 98, 9),
(1238, 0, 104, 9),
(1239, 0, 105, 9),
(1240, 0, 239, 9),
(1241, 0, 240, 9),
(1242, 1, 127, 9),
(1243, 0, 129, 9),
(1244, 8, 133, 9),
(1245, 0, 1010, 9),
(1246, 0, 138, 9),
(1247, 0, 140, 9),
(1248, 0, 142, 9),
(1249, 0, 146, 9),
(1250, 0, 144, 9),
(1251, 3, 145, 9),
(1252, 1, 147, 9),
(1253, 1, 152, 9),
(1254, 1, 155, 9),
(1255, 5, 158, 9),
(1256, 1, 174, 9),
(1257, 1, 177, 9),
(1258, 6, 179, 9),
(1259, 0, 298, 9),
(1260, 1, 191, 9),
(1261, 0, 198, 9),
(1262, 0, 200, 9),
(1263, 0, 360, 9),
(1264, 0, 204, 9),
(1265, 1, 209, 9),
(1266, 7, 220, 9),
(1267, 0, 225, 9),
(1268, 0, 228, 9),
(1269, 3, 246, 9),
(1270, 0, 249, 9),
(1271, 0, 250, 9),
(1272, 1, 261, 9),
(1273, 0, 263, 9),
(1274, 0, 276, 9),
(1275, 2, 278, 9),
(1276, 1, 296, 9),
(1277, 0, 302, 9),
(1278, 0, 304, 9),
(1279, 1, 307, 9),
(1280, 1, 311, 9),
(1281, 1, 312, 9),
(1282, 0, 406, 9),
(1283, 0, 315, 9),
(1284, 1, 320, 9),
(1285, 0, 325, 9),
(1286, 0, 333, 9),
(1287, 0, 349, 9),
(1288, 0, 353, 9),
(1289, 0, 355, 9),
(1290, 0, 359, 9),
(1291, 0, 361, 9),
(1292, 0, 366, 9),
(1293, 0, 370, 9),
(1294, 6, 375, 9),
(1295, 0, 380, 9),
(1296, 0, 382, 9),
(1297, 0, 383, 9),
(1298, 0, 403, 9),
(1299, 1, 425, 9),
(1300, 0, 808, 9),
(1301, 0, 337, 9),
(1302, 0, 338, 9),
(1303, 10, 252, 9),
(1304, 0, 1, 9),
(1305, 0, 4, 9),
(1306, 0, 7, 9),
(1307, 0, 10, 9),
(1308, 0, 19, 9),
(1309, 0, 25, 9),
(1310, 0, 26, 9),
(1311, 0, 27, 9),
(1312, 0, 29, 9),
(1313, 0, 43, 9),
(1314, 0, 54, 9),
(1315, 0, 56, 9),
(1316, 0, 58, 9),
(1317, 0, 66, 9),
(1318, 0, 74, 9),
(1319, 0, 77, 9),
(1320, 0, 81, 9),
(1321, 0, 88, 9),
(1322, 0, 90, 9),
(1323, 0, 92, 9),
(1324, 0, 96, 9),
(1325, 0, 98, 9),
(1326, 0, 104, 9),
(1327, 0, 105, 9),
(1328, 0, 123, 9),
(1329, 0, 127, 9),
(1330, 0, 129, 9),
(1331, 0, 133, 9),
(1332, 0, 138, 9),
(1333, 0, 140, 9),
(1334, 0, 142, 9),
(1335, 0, 144, 9),
(1336, 0, 145, 9),
(1337, 0, 146, 9),
(1338, 0, 147, 9),
(1339, 0, 152, 9),
(1340, 0, 155, 9),
(1341, 0, 158, 9),
(1342, 0, 172, 9),
(1343, 0, 173, 9),
(1344, 0, 174, 9),
(1345, 0, 177, 9),
(1346, 0, 179, 9),
(1347, 0, 191, 9),
(1348, 0, 198, 9),
(1349, 0, 200, 9),
(1350, 0, 204, 9),
(1351, 0, 209, 9),
(1352, 0, 220, 9),
(1353, 0, 225, 9),
(1354, 0, 228, 9),
(1355, 0, 239, 9),
(1356, 0, 240, 9),
(1357, 0, 246, 9),
(1358, 0, 249, 9),
(1359, 0, 250, 9),
(1360, 0, 252, 9),
(1361, 0, 261, 9),
(1362, 0, 263, 9),
(1363, 0, 270, 9),
(1364, 0, 276, 9),
(1365, 0, 278, 9),
(1366, 0, 296, 9),
(1367, 0, 298, 9),
(1368, 0, 302, 9),
(1369, 0, 304, 9),
(1370, 0, 307, 9),
(1371, 0, 311, 9),
(1372, 0, 312, 9),
(1373, 0, 315, 9),
(1374, 0, 320, 9),
(1375, 0, 325, 9),
(1376, 0, 333, 9),
(1377, 0, 337, 9),
(1378, 0, 338, 9),
(1379, 0, 349, 9),
(1380, 0, 351, 9),
(1381, 0, 353, 9),
(1382, 0, 355, 9),
(1383, 0, 359, 9),
(1384, 0, 360, 9),
(1385, 0, 361, 9),
(1386, 0, 366, 9),
(1387, 0, 370, 9),
(1388, 0, 375, 9),
(1389, 0, 380, 9),
(1390, 0, 382, 9),
(1391, 0, 383, 9),
(1392, 0, 403, 9),
(1393, 0, 406, 9),
(1394, 0, 425, 9),
(1395, 0, 808, 9),
(1396, 0, 1001, 9),
(1397, 0, 1002, 9),
(1398, 0, 1003, 9),
(1399, 0, 1004, 9),
(1400, 0, 1005, 9),
(1401, 0, 1006, 9),
(1402, 0, 1007, 9),
(1403, 0, 1008, 9),
(1404, 0, 1009, 9),
(1405, 0, 1010, 9),
(1406, 0, 1011, 9),
(1407, 0, 1, 10),
(1408, 0, 4, 10),
(1409, 0, 7, 10),
(1410, 0, 1001, 10),
(1411, 0, 10, 10),
(1412, 0, 19, 10),
(1413, 0, 172, 10),
(1414, 0, 25, 10),
(1415, 0, 26, 10),
(1416, 0, 1002, 10),
(1417, 0, 1003, 10),
(1418, 0, 1006, 10),
(1419, 0, 1004, 10),
(1420, 0, 1005, 10),
(1421, 0, 1007, 10),
(1422, 0, 1008, 10),
(1423, 0, 1009, 10),
(1424, 0, 27, 10),
(1425, 0, 29, 10),
(1426, 0, 173, 10),
(1427, 0, 43, 10),
(1428, 0, 54, 10),
(1429, 0, 56, 10),
(1430, 0, 58, 10),
(1431, 0, 66, 10),
(1432, 0, 74, 10),
(1433, 0, 77, 10),
(1434, 0, 81, 10),
(1435, 0, 88, 10),
(1436, 0, 90, 10),
(1437, 0, 92, 10),
(1438, 0, 96, 10),
(1439, 0, 98, 10),
(1440, 0, 104, 10),
(1441, 0, 105, 10),
(1442, 0, 239, 10),
(1443, 0, 240, 10),
(1444, 0, 127, 10),
(1445, 0, 129, 10),
(1446, 0, 133, 10),
(1447, 0, 1010, 10),
(1448, 0, 138, 10),
(1449, 0, 140, 10),
(1450, 0, 142, 10),
(1451, 1, 146, 10),
(1452, 0, 144, 10),
(1453, 0, 145, 10),
(1454, 0, 147, 10),
(1455, 0, 152, 10),
(1456, 0, 155, 10),
(1457, 3, 158, 10),
(1458, 1, 174, 10),
(1459, 0, 177, 10),
(1460, 0, 179, 10),
(1461, 0, 298, 10),
(1462, 0, 191, 10),
(1463, 0, 198, 10),
(1464, 0, 200, 10),
(1465, 0, 360, 10),
(1466, 0, 204, 10),
(1467, 0, 209, 10),
(1468, 3, 220, 10),
(1469, 0, 225, 10),
(1470, 0, 228, 10),
(1471, 0, 246, 10),
(1472, 0, 249, 10),
(1473, 0, 250, 10),
(1474, 0, 261, 10),
(1475, 0, 263, 10),
(1476, 0, 276, 10),
(1477, 0, 278, 10),
(1478, 0, 296, 10),
(1479, 0, 302, 10),
(1480, 0, 304, 10),
(1481, 0, 307, 10),
(1482, 0, 311, 10),
(1483, 0, 312, 10),
(1484, 0, 406, 10),
(1485, 0, 315, 10),
(1486, 0, 320, 10),
(1487, 0, 325, 10),
(1488, 3, 333, 10),
(1489, 0, 349, 10),
(1490, 0, 353, 10),
(1491, 0, 355, 10),
(1492, 0, 359, 10),
(1493, 0, 361, 10),
(1494, 0, 366, 10),
(1495, 0, 370, 10),
(1496, 0, 375, 10),
(1497, 1, 380, 10),
(1498, 0, 382, 10),
(1499, 0, 383, 10),
(1500, 0, 403, 10),
(1501, 0, 425, 10),
(1502, 0, 808, 10),
(1503, 0, 337, 10),
(1504, 0, 338, 10),
(1505, 2, 252, 10),
(1506, 0, 1, 10),
(1507, 0, 4, 10),
(1508, 0, 7, 10),
(1509, 0, 10, 10),
(1510, 0, 19, 10),
(1511, 0, 25, 10),
(1512, 0, 26, 10),
(1513, 0, 27, 10),
(1514, 0, 29, 10),
(1515, 0, 43, 10),
(1516, 0, 54, 10),
(1517, 0, 56, 10),
(1518, 0, 58, 10),
(1519, 0, 66, 10),
(1520, 0, 74, 10),
(1521, 0, 77, 10),
(1522, 0, 81, 10),
(1523, 0, 88, 10),
(1524, 0, 90, 10),
(1525, 0, 92, 10),
(1526, 0, 96, 10),
(1527, 0, 98, 10),
(1528, 0, 104, 10),
(1529, 0, 105, 10),
(1530, 0, 123, 10),
(1531, 0, 127, 10),
(1532, 0, 129, 10),
(1533, 0, 133, 10),
(1534, 0, 138, 10),
(1535, 0, 140, 10),
(1536, 0, 142, 10),
(1537, 0, 144, 10),
(1538, 0, 145, 10),
(1539, 0, 146, 10),
(1540, 0, 147, 10),
(1541, 0, 152, 10),
(1542, 0, 155, 10),
(1543, 0, 158, 10),
(1544, 0, 172, 10),
(1545, 0, 173, 10),
(1546, 0, 174, 10),
(1547, 0, 177, 10),
(1548, 0, 179, 10),
(1549, 0, 191, 10),
(1550, 0, 198, 10),
(1551, 0, 200, 10),
(1552, 0, 204, 10),
(1553, 0, 209, 10),
(1554, 0, 220, 10),
(1555, 0, 225, 10),
(1556, 0, 228, 10),
(1557, 0, 239, 10),
(1558, 0, 240, 10),
(1559, 0, 246, 10),
(1560, 0, 249, 10),
(1561, 0, 250, 10),
(1562, 0, 252, 10),
(1563, 0, 261, 10),
(1564, 0, 263, 10),
(1565, 0, 270, 10),
(1566, 0, 276, 10),
(1567, 0, 278, 10),
(1568, 0, 296, 10),
(1569, 0, 298, 10),
(1570, 0, 302, 10),
(1571, 0, 304, 10),
(1572, 0, 307, 10),
(1573, 0, 311, 10),
(1574, 0, 312, 10),
(1575, 0, 315, 10),
(1576, 0, 320, 10),
(1577, 0, 325, 10),
(1578, 0, 333, 10),
(1579, 0, 337, 10),
(1580, 0, 338, 10),
(1581, 0, 349, 10),
(1582, 0, 351, 10),
(1583, 0, 353, 10),
(1584, 0, 355, 10),
(1585, 0, 359, 10),
(1586, 0, 360, 10),
(1587, 0, 361, 10),
(1588, 0, 366, 10),
(1589, 0, 370, 10),
(1590, 0, 375, 10),
(1591, 0, 380, 10),
(1592, 0, 382, 10),
(1593, 0, 383, 10),
(1594, 0, 403, 10),
(1595, 0, 406, 10),
(1596, 0, 425, 10),
(1597, 0, 808, 10),
(1598, 0, 1001, 10),
(1599, 0, 1002, 10),
(1600, 0, 1003, 10),
(1601, 0, 1004, 10),
(1602, 0, 1005, 10),
(1603, 0, 1006, 10),
(1604, 0, 1007, 10),
(1605, 0, 1008, 10),
(1606, 0, 1009, 10),
(1607, 0, 1010, 10),
(1608, 0, 1011, 10),
(1609, 0, 1, 11),
(1610, 0, 4, 11),
(1611, 0, 7, 11),
(1612, 0, 1001, 11),
(1613, 0, 10, 11),
(1614, 0, 19, 11),
(1615, 0, 172, 11),
(1616, 1, 25, 11),
(1617, 0, 26, 11),
(1618, 0, 1002, 11),
(1619, 0, 1003, 11),
(1620, 0, 1006, 11),
(1621, 0, 1004, 11),
(1622, 0, 1005, 11),
(1623, 0, 1007, 11),
(1624, 0, 1008, 11),
(1625, 0, 1009, 11),
(1626, 0, 27, 11),
(1627, 0, 29, 11),
(1628, 0, 173, 11),
(1629, 0, 43, 11),
(1630, 0, 54, 11),
(1631, 0, 56, 11),
(1632, 0, 58, 11),
(1633, 0, 66, 11),
(1634, 0, 74, 11),
(1635, 0, 77, 11),
(1636, 0, 81, 11),
(1637, 0, 88, 11),
(1638, 0, 90, 11),
(1639, 0, 92, 11),
(1640, 0, 96, 11),
(1641, 0, 98, 11),
(1642, 0, 104, 11),
(1643, 0, 105, 11),
(1644, 0, 239, 11),
(1645, 0, 240, 11),
(1646, 0, 127, 11),
(1647, 0, 129, 11),
(1648, 0, 133, 11),
(1649, 0, 1010, 11),
(1650, 0, 138, 11),
(1651, 0, 140, 11),
(1652, 0, 142, 11),
(1653, 0, 146, 11),
(1654, 0, 144, 11),
(1655, 0, 145, 11),
(1656, 0, 147, 11),
(1657, 0, 152, 11),
(1658, 0, 155, 11),
(1659, 2, 158, 11),
(1660, 0, 174, 11),
(1661, 0, 177, 11),
(1662, 0, 179, 11),
(1663, 0, 298, 11),
(1664, 0, 191, 11),
(1665, 0, 198, 11),
(1666, 0, 200, 11),
(1667, 0, 360, 11),
(1668, 0, 204, 11),
(1669, 0, 209, 11),
(1670, 0, 220, 11),
(1671, 0, 225, 11),
(1672, 0, 228, 11),
(1673, 2, 246, 11),
(1674, 0, 249, 11),
(1675, 0, 250, 11),
(1676, 0, 261, 11),
(1677, 0, 263, 11),
(1678, 0, 276, 11),
(1679, 0, 278, 11),
(1680, 0, 296, 11),
(1681, 0, 302, 11),
(1682, 0, 304, 11),
(1683, 0, 307, 11),
(1684, 0, 311, 11),
(1685, 0, 312, 11),
(1686, 0, 406, 11),
(1687, 0, 315, 11),
(1688, 0, 320, 11),
(1689, 0, 325, 11),
(1690, 0, 333, 11),
(1691, 0, 349, 11),
(1692, 0, 353, 11),
(1693, 0, 355, 11),
(1694, 0, 359, 11),
(1695, 0, 361, 11),
(1696, 0, 366, 11),
(1697, 0, 370, 11),
(1698, 1, 375, 11),
(1699, 0, 380, 11),
(1700, 0, 382, 11),
(1701, 0, 383, 11),
(1702, 0, 403, 11),
(1703, 0, 425, 11),
(1704, 0, 808, 11),
(1705, 0, 337, 11),
(1706, 0, 338, 11),
(1707, 1, 252, 11),
(1708, 0, 1, 11),
(1709, 0, 4, 11),
(1710, 0, 7, 11),
(1711, 0, 10, 11),
(1712, 0, 19, 11),
(1713, 0, 25, 11),
(1714, 0, 26, 11),
(1715, 0, 27, 11),
(1716, 0, 29, 11),
(1717, 0, 43, 11),
(1718, 0, 54, 11),
(1719, 0, 56, 11),
(1720, 0, 58, 11),
(1721, 0, 66, 11),
(1722, 0, 74, 11),
(1723, 0, 77, 11),
(1724, 0, 81, 11),
(1725, 0, 88, 11),
(1726, 0, 90, 11),
(1727, 0, 92, 11),
(1728, 0, 96, 11),
(1729, 0, 98, 11),
(1730, 0, 104, 11),
(1731, 0, 105, 11),
(1732, 0, 123, 11),
(1733, 0, 127, 11),
(1734, 0, 129, 11),
(1735, 0, 133, 11),
(1736, 0, 138, 11),
(1737, 0, 140, 11),
(1738, 0, 142, 11),
(1739, 0, 144, 11),
(1740, 0, 145, 11),
(1741, 0, 146, 11),
(1742, 0, 147, 11),
(1743, 0, 152, 11),
(1744, 0, 155, 11),
(1745, 0, 158, 11),
(1746, 0, 172, 11),
(1747, 0, 173, 11),
(1748, 0, 174, 11),
(1749, 0, 177, 11),
(1750, 0, 179, 11),
(1751, 0, 191, 11),
(1752, 0, 198, 11),
(1753, 0, 200, 11),
(1754, 0, 204, 11),
(1755, 0, 209, 11),
(1756, 0, 220, 11),
(1757, 0, 225, 11),
(1758, 0, 228, 11),
(1759, 0, 239, 11),
(1760, 0, 240, 11),
(1761, 0, 246, 11),
(1762, 0, 249, 11),
(1763, 0, 250, 11),
(1764, 0, 252, 11),
(1765, 0, 261, 11),
(1766, 0, 263, 11),
(1767, 0, 270, 11),
(1768, 0, 276, 11),
(1769, 0, 278, 11),
(1770, 0, 296, 11),
(1771, 0, 298, 11),
(1772, 0, 302, 11),
(1773, 0, 304, 11),
(1774, 0, 307, 11),
(1775, 0, 311, 11),
(1776, 0, 312, 11),
(1777, 0, 315, 11),
(1778, 0, 320, 11),
(1779, 0, 325, 11),
(1780, 0, 333, 11),
(1781, 0, 337, 11),
(1782, 0, 338, 11),
(1783, 0, 349, 11),
(1784, 0, 351, 11),
(1785, 0, 353, 11),
(1786, 0, 355, 11),
(1787, 0, 359, 11),
(1788, 0, 360, 11),
(1789, 0, 361, 11),
(1790, 0, 366, 11),
(1791, 0, 370, 11),
(1792, 0, 375, 11),
(1793, 0, 380, 11),
(1794, 0, 382, 11),
(1795, 0, 383, 11),
(1796, 0, 403, 11),
(1797, 0, 406, 11),
(1798, 0, 425, 11),
(1799, 0, 808, 11),
(1800, 0, 1001, 11),
(1801, 0, 1002, 11),
(1802, 0, 1003, 11),
(1803, 0, 1004, 11),
(1804, 0, 1005, 11),
(1805, 0, 1006, 11),
(1806, 0, 1007, 11),
(1807, 0, 1008, 11),
(1808, 0, 1009, 11),
(1809, 0, 1010, 11),
(1810, 0, 1011, 11),
(1811, 0, 1, 12),
(1812, 1, 4, 12),
(1813, 0, 7, 12),
(1814, 0, 1001, 12),
(1815, 0, 10, 12),
(1816, 0, 19, 12),
(1817, 0, 172, 12),
(1818, 0, 25, 12),
(1819, 0, 26, 12),
(1820, 0, 1002, 12),
(1821, 0, 1003, 12),
(1822, 0, 1006, 12),
(1823, 0, 1004, 12),
(1824, 0, 1005, 12),
(1825, 0, 1007, 12),
(1826, 0, 1008, 12),
(1827, 0, 1009, 12),
(1828, 0, 27, 12),
(1829, 0, 29, 12),
(1830, 0, 173, 12),
(1831, 0, 43, 12),
(1832, 0, 54, 12),
(1833, 0, 56, 12),
(1834, 0, 58, 12),
(1835, 0, 66, 12),
(1836, 0, 74, 12),
(1837, 1, 77, 12),
(1838, 0, 81, 12),
(1839, 0, 88, 12),
(1840, 0, 90, 12),
(1841, 0, 92, 12),
(1842, 0, 96, 12),
(1843, 0, 98, 12),
(1844, 0, 104, 12),
(1845, 0, 105, 12),
(1846, 0, 239, 12),
(1847, 0, 240, 12),
(1848, 0, 127, 12),
(1849, 0, 129, 12),
(1850, 5, 133, 12),
(1851, 0, 1010, 12),
(1852, 0, 138, 12),
(1853, 0, 140, 12),
(1854, 0, 142, 12),
(1855, 0, 146, 12),
(1856, 0, 144, 12),
(1857, 1, 145, 12),
(1858, 1, 147, 12),
(1859, 2, 152, 12),
(1860, 0, 155, 12),
(1861, 0, 158, 12),
(1862, 0, 174, 12),
(1863, 0, 177, 12),
(1864, 1, 179, 12),
(1865, 0, 298, 12),
(1866, 1, 191, 12),
(1867, 0, 198, 12),
(1868, 1, 200, 12),
(1869, 0, 360, 12),
(1870, 0, 204, 12),
(1871, 0, 209, 12),
(1872, 0, 220, 12),
(1873, 0, 225, 12),
(1874, 0, 228, 12),
(1875, 0, 246, 12),
(1876, 0, 249, 12),
(1877, 0, 250, 12),
(1878, 0, 261, 12),
(1879, 0, 263, 12),
(1880, 1, 276, 12),
(1881, 0, 278, 12),
(1882, 0, 296, 12),
(1883, 0, 302, 12),
(1884, 0, 304, 12),
(1885, 0, 307, 12),
(1886, 0, 311, 12),
(1887, 0, 312, 12),
(1888, 0, 406, 12),
(1889, 1, 315, 12),
(1890, 1, 320, 12),
(1891, 0, 325, 12),
(1892, 0, 333, 12),
(1893, 0, 349, 12),
(1894, 0, 353, 12),
(1895, 0, 355, 12),
(1896, 0, 359, 12),
(1897, 0, 361, 12),
(1898, 0, 366, 12),
(1899, 0, 370, 12),
(1900, 0, 375, 12),
(1901, 0, 380, 12),
(1902, 0, 382, 12),
(1903, 0, 383, 12),
(1904, 0, 403, 12),
(1905, 0, 425, 12),
(1906, 0, 808, 12),
(1907, 0, 337, 12),
(1908, 0, 338, 12),
(1909, 0, 252, 12),
(1910, 0, 1, 12),
(1911, 0, 4, 12),
(1912, 0, 7, 12),
(1913, 0, 10, 12),
(1914, 0, 19, 12),
(1915, 0, 25, 12),
(1916, 0, 26, 12),
(1917, 0, 27, 12),
(1918, 0, 29, 12),
(1919, 0, 43, 12),
(1920, 0, 54, 12),
(1921, 0, 56, 12),
(1922, 0, 58, 12),
(1923, 0, 66, 12),
(1924, 0, 74, 12),
(1925, 0, 77, 12),
(1926, 0, 81, 12),
(1927, 0, 88, 12),
(1928, 0, 90, 12),
(1929, 0, 92, 12),
(1930, 0, 96, 12),
(1931, 0, 98, 12),
(1932, 0, 104, 12),
(1933, 0, 105, 12),
(1934, 0, 123, 12),
(1935, 0, 127, 12),
(1936, 0, 129, 12),
(1937, 0, 133, 12),
(1938, 0, 138, 12),
(1939, 0, 140, 12),
(1940, 0, 142, 12),
(1941, 0, 144, 12),
(1942, 0, 145, 12),
(1943, 0, 146, 12),
(1944, 0, 147, 12),
(1945, 0, 152, 12),
(1946, 0, 155, 12),
(1947, 0, 158, 12),
(1948, 0, 172, 12),
(1949, 0, 173, 12),
(1950, 0, 174, 12),
(1951, 0, 177, 12),
(1952, 0, 179, 12),
(1953, 0, 191, 12),
(1954, 0, 198, 12),
(1955, 0, 200, 12),
(1956, 0, 204, 12),
(1957, 0, 209, 12),
(1958, 0, 220, 12),
(1959, 0, 225, 12),
(1960, 0, 228, 12),
(1961, 0, 239, 12),
(1962, 0, 240, 12),
(1963, 0, 246, 12),
(1964, 0, 249, 12),
(1965, 0, 250, 12),
(1966, 0, 252, 12),
(1967, 0, 261, 12),
(1968, 0, 263, 12),
(1969, 0, 270, 12),
(1970, 0, 276, 12),
(1971, 0, 278, 12),
(1972, 0, 296, 12),
(1973, 0, 298, 12),
(1974, 0, 302, 12),
(1975, 0, 304, 12),
(1976, 0, 307, 12),
(1977, 0, 311, 12),
(1978, 0, 312, 12),
(1979, 0, 315, 12),
(1980, 0, 320, 12),
(1981, 0, 325, 12),
(1982, 0, 333, 12),
(1983, 0, 337, 12),
(1984, 0, 338, 12),
(1985, 0, 349, 12),
(1986, 0, 351, 12),
(1987, 0, 353, 12),
(1988, 0, 355, 12),
(1989, 0, 359, 12),
(1990, 0, 360, 12),
(1991, 0, 361, 12),
(1992, 0, 366, 12),
(1993, 0, 370, 12),
(1994, 0, 375, 12),
(1995, 0, 380, 12),
(1996, 0, 382, 12),
(1997, 0, 383, 12),
(1998, 0, 403, 12),
(1999, 0, 406, 12),
(2000, 0, 425, 12),
(2001, 0, 808, 12),
(2002, 0, 1001, 12),
(2003, 0, 1002, 12),
(2004, 0, 1003, 12),
(2005, 0, 1004, 12),
(2006, 0, 1005, 12),
(2007, 0, 1006, 12),
(2008, 0, 1007, 12),
(2009, 0, 1008, 12),
(2010, 0, 1009, 12),
(2011, 0, 1010, 12),
(2012, 0, 1011, 12),
(2013, 2, 1, 13),
(2014, 1, 4, 13),
(2015, 3, 7, 13),
(2016, 0, 1001, 13),
(2017, 0, 10, 13),
(2018, 0, 19, 13),
(2019, 1, 172, 13),
(2020, 4, 25, 13),
(2021, 0, 26, 13),
(2022, 0, 1002, 13),
(2023, 0, 1003, 13),
(2024, 0, 1006, 13),
(2025, 0, 1004, 13),
(2026, 0, 1005, 13),
(2027, 0, 1007, 13),
(2028, 0, 1008, 13),
(2029, 0, 1009, 13),
(2030, 1, 27, 13),
(2031, 0, 29, 13),
(2032, 0, 173, 13),
(2033, 0, 43, 13),
(2034, 0, 54, 13),
(2035, 1, 56, 13),
(2036, 0, 58, 13),
(2037, 0, 66, 13),
(2038, 0, 74, 13),
(2039, 1, 77, 13),
(2040, 0, 81, 13),
(2041, 0, 88, 13),
(2042, 0, 90, 13),
(2043, 1, 92, 13),
(2044, 1, 96, 13),
(2045, 0, 98, 13),
(2046, 3, 104, 13),
(2047, 0, 105, 13),
(2048, 0, 239, 13),
(2049, 0, 240, 13),
(2050, 0, 127, 13),
(2051, 0, 129, 13),
(2052, 11, 133, 13),
(2053, 0, 1010, 13),
(2054, 0, 138, 13),
(2055, 1, 140, 13),
(2056, 1, 142, 13),
(2057, 1, 146, 13),
(2058, 0, 144, 13),
(2059, 0, 145, 13),
(2060, 4, 147, 13),
(2061, 7, 152, 13),
(2062, 5, 155, 13),
(2063, 4, 158, 13),
(2064, 1, 174, 13),
(2065, 0, 177, 13),
(2066, 2, 179, 13),
(2067, 0, 298, 13),
(2068, 0, 191, 13),
(2069, 0, 198, 13),
(2070, 0, 200, 13),
(2071, 0, 360, 13),
(2072, 0, 204, 13),
(2073, 0, 209, 13),
(2074, 8, 220, 13),
(2075, 1, 225, 13),
(2076, 0, 228, 13),
(2077, 1, 246, 13),
(2078, 0, 249, 13),
(2079, 0, 250, 13),
(2080, 0, 261, 13),
(2081, 0, 263, 13),
(2082, 0, 276, 13),
(2083, 0, 278, 13),
(2084, 0, 296, 13),
(2085, 0, 302, 13),
(2086, 0, 304, 13),
(2087, 0, 307, 13),
(2088, 3, 311, 13),
(2089, 1, 312, 13),
(2090, 0, 406, 13),
(2091, 0, 315, 13),
(2092, 2, 320, 13),
(2093, 0, 325, 13),
(2094, 0, 333, 13),
(2095, 0, 349, 13),
(2096, 0, 353, 13),
(2097, 0, 355, 13),
(2098, 0, 359, 13),
(2099, 0, 361, 13),
(2100, 4, 366, 13),
(2101, 0, 370, 13),
(2102, 9, 375, 13),
(2103, 0, 380, 13),
(2104, 0, 382, 13),
(2105, 0, 383, 13),
(2106, 0, 403, 13),
(2107, 1, 425, 13),
(2108, 0, 808, 13),
(2109, 0, 337, 13),
(2110, 0, 338, 13),
(2111, 4, 252, 13),
(2112, 0, 1, 13),
(2113, 0, 4, 13),
(2114, 0, 7, 13),
(2115, 0, 10, 13),
(2116, 0, 19, 13),
(2117, 0, 25, 13),
(2118, 0, 26, 13),
(2119, 0, 27, 13),
(2120, 0, 29, 13),
(2121, 0, 43, 13),
(2122, 0, 54, 13),
(2123, 0, 56, 13),
(2124, 0, 58, 13),
(2125, 0, 66, 13),
(2126, 0, 74, 13),
(2127, 0, 77, 13),
(2128, 0, 81, 13),
(2129, 0, 88, 13),
(2130, 0, 90, 13),
(2131, 0, 92, 13),
(2132, 0, 96, 13),
(2133, 0, 98, 13),
(2134, 0, 104, 13),
(2135, 0, 105, 13),
(2136, 0, 123, 13),
(2137, 0, 127, 13),
(2138, 0, 129, 13),
(2139, 0, 133, 13),
(2140, 0, 138, 13),
(2141, 0, 140, 13),
(2142, 0, 142, 13),
(2143, 0, 144, 13),
(2144, 0, 145, 13),
(2145, 0, 146, 13),
(2146, 0, 147, 13),
(2147, 0, 152, 13),
(2148, 0, 155, 13),
(2149, 0, 158, 13),
(2150, 0, 172, 13),
(2151, 0, 173, 13),
(2152, 0, 174, 13),
(2153, 0, 177, 13),
(2154, 0, 179, 13),
(2155, 0, 191, 13),
(2156, 0, 198, 13),
(2157, 0, 200, 13),
(2158, 0, 204, 13),
(2159, 0, 209, 13),
(2160, 0, 220, 13),
(2161, 0, 225, 13),
(2162, 0, 228, 13),
(2163, 0, 239, 13),
(2164, 0, 240, 13),
(2165, 0, 246, 13),
(2166, 0, 249, 13),
(2167, 0, 250, 13),
(2168, 0, 252, 13),
(2169, 0, 261, 13),
(2170, 0, 263, 13),
(2171, 0, 270, 13),
(2172, 0, 276, 13),
(2173, 0, 278, 13),
(2174, 0, 296, 13),
(2175, 0, 298, 13),
(2176, 0, 302, 13),
(2177, 0, 304, 13),
(2178, 0, 307, 13),
(2179, 0, 311, 13),
(2180, 0, 312, 13),
(2181, 0, 315, 13),
(2182, 0, 320, 13),
(2183, 0, 325, 13),
(2184, 0, 333, 13),
(2185, 0, 337, 13),
(2186, 0, 338, 13),
(2187, 0, 349, 13),
(2188, 0, 351, 13),
(2189, 0, 353, 13),
(2190, 0, 355, 13),
(2191, 0, 359, 13),
(2192, 0, 360, 13),
(2193, 0, 361, 13),
(2194, 0, 366, 13),
(2195, 0, 370, 13),
(2196, 0, 375, 13),
(2197, 0, 380, 13),
(2198, 0, 382, 13),
(2199, 0, 383, 13),
(2200, 0, 403, 13),
(2201, 0, 406, 13),
(2202, 0, 425, 13),
(2203, 0, 808, 13),
(2204, 0, 1001, 13),
(2205, 0, 1002, 13),
(2206, 0, 1003, 13),
(2207, 0, 1004, 13),
(2208, 0, 1005, 13),
(2209, 0, 1006, 13),
(2210, 0, 1007, 13),
(2211, 0, 1008, 13),
(2212, 0, 1009, 13),
(2213, 0, 1010, 13),
(2214, 0, 1011, 13);

-- --------------------------------------------------------

--
-- Estructura de tabla para la tabla `usuario`
--

CREATE TABLE IF NOT EXISTS `usuario` (
  `code` int(11) NOT NULL AUTO_INCREMENT,
  PRIMARY KEY (`code`),
  UNIQUE KEY `code` (`code`)
) ENGINE=InnoDB  DEFAULT CHARSET=utf8 COLLATE=utf8_spanish_ci AUTO_INCREMENT=14 ;

--
-- Volcado de datos para la tabla `usuario`
--

INSERT INTO `usuario` (`code`) VALUES
(8),
(9),
(10),
(11),
(12),
(13);

--
-- Restricciones para tablas volcadas
--

--
-- Filtros para la tabla `shiny`
--
ALTER TABLE `shiny`
  ADD CONSTRAINT `shiny_ibfk_1` FOREIGN KEY (`nPokedex`) REFERENCES `pokemon` (`nPokedex`) ON DELETE CASCADE ON UPDATE CASCADE,
  ADD CONSTRAINT `shiny_ibfk_2` FOREIGN KEY (`codeUsuario`) REFERENCES `usuario` (`code`) ON DELETE CASCADE ON UPDATE CASCADE;

/*!40101 SET CHARACTER_SET_CLIENT=@OLD_CHARACTER_SET_CLIENT */;
/*!40101 SET CHARACTER_SET_RESULTS=@OLD_CHARACTER_SET_RESULTS */;
/*!40101 SET COLLATION_CONNECTION=@OLD_COLLATION_CONNECTION */;
